{
  "version": "v2024.08.16",
  "date": "1723841795",
  "variants": [
    {
      "name": "treble_a64_bgN",
      "size": "951154852",
      "url": "https://github.com/ponces/treble_aosp/releases/download/v2024.08.16/aosp-arm32_binder64-ab-gapps-14.0-20240816.img.xz"
    },
    {
      "name": "treble_a64_bgN-vndklite",
      "size": "867938808",
      "url": "https://github.com/ponces/treble_aosp/releases/download/v2024.08.16/aosp-arm32_binder64-ab-gapps-vndklite-14.0-20240816.img.xz"
    },
    {
      "name": "treble_a64_bvN",
      "size": "621525760",
      "url": "https://github.com/ponces/treble_aosp/releases/download/v2024.08.16/aosp-arm32_binder64-ab-vanilla-14.0-20240816.img.xz"
    },
    {
      "name": "treble_a64_bvN-vndklite",
      "size": "582337888",
      "url": "https://github.com/ponces/treble_aosp/releases/download/v2024.08.16/aosp-arm32_binder64-ab-vanilla-vndklite-14.0-20240816.img.xz"
    },
    {
      "name": "treble_arm64_bgN",
      "size": "1341129884",
      "url": "https://github.com/ponces/treble_aosp/releases/download/v2024.08.16/aosp-arm64-ab-gapps-14.0-20240816.img.xz"
    },
    {
      "name": "treble_arm64_bgN-vndklite",
      "size": "1197727784",
      "url": "https://github.com/ponces/treble_aosp/releases/download/v2024.08.16/aosp-arm64-ab-gapps-vndklite-14.0-20240816.img.xz"
    },
    {
      "name": "treble_arm64_bvN",
      "size": "828267276",
      "url": "https://github.com/ponces/treble_aosp/releases/download/v2024.08.16/aosp-arm64-ab-vanilla-14.0-20240816.img.xz"
    },
    {
      "name": "treble_arm64_bvN-vndklite",
      "size": "793370044",
      "url": "https://github.com/ponces/treble_aosp/releases/download/v2024.08.16/aosp-arm64-ab-vanilla-vndklite-14.0-20240816.img.xz"
    }
  ]
}
